Workbook

Sheet Overall
B2: Amar Builders
B3: Month | C3: No. of Transaction | D3: No. of Organisation | E3: No. of Charge Point | F3: Total Consumption(kWh) | G3: Total Amount (with taxes)
B4: 45778 | C4: ='May 2025'!A422 -> 419 | D4: ='May 2025'!B422 -> 2 | E4: ='May 2025'!C422 -> 47 | F4: ='May 2025'!D422 -> 561.415 | G4: ='May 2025'!E422 -> 14913.96
B5: 45809 | C5: ='June 2025'!A440 -> 436 | D5: ='June 2025'!B440 -> 2 | E5: ='June 2025'!C440 -> 40 | F5: ='June 2025'!D440 -> 567.477 | G5: ='June 2025'!E440 -> 15215.52
B6: 45839 | C6: ='July 2025'!A501 -> 497 | D6: ='July 2025'!B501 -> 2 | E6: ='July 2025'!C501 -> 43 | F6: ='July 2025'!D501 -> 711.439 | G6: ='July 2025'!E501 -> 18801.97
B7: 45870 | C7: ='Augest 2025'!A398 -> 395 | D7: ='Augest 2025'!B398 -> 2 | E7: ='Augest 2025'!C398 -> 39 | F7: ='Augest 2025'!D398 -> 536.126 | G7: ='Augest 2025'!E398 -> 14375.38
B8: 45901 | C8: ='Sep 2025'!A543 -> 540 | D8: ='Sep 2025'!B543 -> 2 | E8: ='Sep 2025'!C543 -> 53 | F8: ='Sep 2025'!D543 -> 973.055 | G8: ='Sep 2025'!E543 -> 25355.59
B9: 45931 | C9: ='Oct 2025'!A562 -> 558 | D9: ='Oct 2025'!B562 -> 2 | E9: ='Oct 2025'!C562 -> 45 | F9: ='Oct 2025'!D562 -> 803.488 | G9: ='Oct 2025'!E562 -> 21063.72
B10: 45962 | C10: ='Nov 2025'!A490 -> 487 | D10: ='Nov 2025'!B490 -> 2 | E10: ='Nov 2025'!C490 -> 40 | F10: ='Nov 2025'!D490 -> 956.059 | G10: ='Nov 2025'!E490 -> 24793.21
B11: 45992 | C11: ='Dec 2025'!A525 -> 522 | D11: ='Dec 2025'!B525 -> 2 | E11: ='Dec 2025'!C525 -> 47 | F11: ='Dec 2025'!D525 -> 1147.27 | G11: ='Dec 2025'!E525 -> 29406.09
B12: 46023 | C12: ='Jan 2026'!A408 -> 405 | D12: ='Jan 2026'!B408 -> 2 | E12: ='Jan 2026'!C408 -> 50 | F12: ='Jan 2026'!D408 -> 694.142 | G12: ='Jan 2026'!E408 -> 18234.37
B13: 46054 | C13: ='Feb 2026'!A365 -> 362 | D13: ='Feb 2026'!B365 -> 2 | E13: ='Feb 2026'!C365 -> 51 | F13: ='Feb 2026'!D365 -> 778.006 | G13: ='Feb 2026'!E365 -> 20119.67
B14: 46082 | C14: ='March 2026'!A13911 -> 13908 | D14: ='March 2026'!B13911 -> 2 | E14: ='March 2026'!C13911 -> 57 | F14: ='March 2026'!D13911 -> 902.589 | G14: ='March 2026'!E13911 -> 23118.95
B15: 46113 | C15: ='Apr 2026'!A15526 -> 15523 | D15: ='Apr 2026'!B15526 -> 2 | E15: ='Apr 2026'!C15526 -> 51 | F15: ='Apr 2026'!D15526 -> 785.205 | G15: ='Apr 2026'!E15526 -> 20389.33
C17: TOTAL | F17: =SUM(F4:F15) -> 9416.271 | G17: =SUM(G4:G15) -> 245787.76

Sheet May 2025
A1: Transaction Id | B1: Organisation | C1: Charge Point | D1: Consumption(kWh) | E1: Amount (with taxes)
A2: 155877 | B2: Amar Pristine (AP81) | C2: goego-mhpu-aa-182 | D2: 2.145 | E2: 56.52
A3: 155864 | B3: Amar Pristine (AP81) | C3: goego-mhpu-aa-202 | D3: 1.869 | E3: 50.01
A4: 155850 | B4: Amar Pristine (AP81) | C4: goego-mhpu-aa-190 | D4: 1.448 | E4: 40.07
A5: 155843 | B5: Amar Pristine (AP81) | C5: goego-mhpu-aa-190 | D5: 1.03 | E5: 30.21
A6: 155784 | B6: Amar Pristine (AP81) | C6: goego-mhpu-aa-190 | D6: 0.182 | E6: 10.2
A7: 155707 | B7: Amar Pristine (AP81) | C7: goego-mhpu-aa-216 | D7: 31.33 | E7: 745.29
A8: 155715 | B8: Amar Tech Park | C8: goego-mhpu-aa-349 | D8: 2.066 | E8: 54.66
A9: 155717 | B9: Amar Pristine (AP81) | C9: goego-mhpu-aa-194 | D9: 1.023 | E9: 30.04
A10: 155722 | B10: Amar Tech Park | C10: goego-mhpu-aa-330 | D10: 0 | E10: 0
A11: 155716 | B11: Amar Pristine (AP81) | C11: goego-mhpu-aa-191 | D11: 0 | E11: 0
A12: 155713 | B12: Amar Tech Park | C12: goego-mhpu-aa-349 | D12: 0 | E12: 0
A13: 155714 | B13: Amar Tech Park | C13: goego-mhpu-aa-349 | D13: 0 | E13: 0
... A420: 150806 | B420: Amar Pristine (AP81) | C420: goego-mhpu-aa-185 | D420: 0 | E420: 0
A422: =SUMPRODUCT((A2:A420<>"")/COUNTIF(A2:A420,A2:A420&"")) -> 419 | B422: =SUMPRODUCT((B2:B420<>"")/COUNTIF(B2:B420,B2:B420&"")) -> 2 | C422: =SUMPRODUCT((C2:C420<>"")/COUNTIF(C2:C420,C2:C420&"")) -> 47 | D422: =SUM(D2:D420) -> 561.415 | E422: =SUM(E2:E420) -> 14913.96 | G422: TOTAL

Sheet June 2025
A1: Transaction Id | B1: Organisation | C1: Charge Point | D1: Consumption(kWh) | E1: Amount (with taxes)
A2: 162466 | B2: Amar Tech Park | C2: goego-mhpu-aa-334 | D2: 0.685 | E2: 22.07
A3: 162415 | B3: Amar Pristine (AP81) | C3: goego-mhpu-aa-202 | D3: 1.449 | E3: 40.1
A4: 162465 | B4: Amar Tech Park | C4: goego-mhpu-aa-334 | D4: 0 | E4: 0
A5: 162462 | B5: Amar Tech Park | C5: goego-mhpu-aa-334 | D5: 0 | E5: 0
A6: 162461 | B6: Amar Tech Park | C6: goego-mhpu-aa-334 | D6: 0 | E6: 0
A7: 162460 | B7: Amar Tech Park | C7: goego-mhpu-aa-334 | D7: 0 | E7: 0
A8: 162419 | B8: Amar Tech Park | C8: goego-mhpu-aa-349 | D8: 1.388 | E8: 38.66
A9: 162410 | B9: Amar Tech Park | C9: goego-mhpu-aa-340 | D9: 1.457 | E9: 40.29
A10: 162403 | B10: Amar Pristine (AP81) | C10: goego-mhpu-aa-201 | D10: 1.453 | E10: 40.19
A11: 162402 | B11: Amar Tech Park | C11: goego-mhpu-aa-350 | D11: 0.774 | E11: 24.17
A12: 162361 | B12: Amar Tech Park | C12: goego-mhpu-aa-332 | D12: 3.073 | E12: 78.42
A13: 162336 | B13: Amar Tech Park | C13: goego-mhpu-aa-351 | D13: 2.034 | E13: 53.9
... A437: 156077 | B437: Amar Tech Park | C437: goego-mhpu-aa-338 | D437: 0 | E437: 0
A440: =SUMPRODUCT((A2:A437<>"")/COUNTIF(A2:A437,A2:A437&"")) -> 436 | B440: =SUMPRODUCT((B2:B437<>"")/COUNTIF(B2:B437,B2:B437&"")) -> 2 | C440: =SUMPRODUCT((C2:C437<>"")/COUNTIF(C2:C437,C2:C437&"")) -> 40 | D440: =SUM(D2:D437) -> 567.477 | E440: =SUM(E2:E437) -> 15215.52 | G440: TOTAL

Sheet July 2025
A1: Transaction Id | B1: Organisation | C1: Charge Point | D1: Consumption(kWh) | E1: Amount (with taxes)
A2: 170419 | B2: Amar Pristine (AP81) | C2: goego-mhpu-aa-201 | D2: 0 | E2: 0
A3: 170389 | B3: Amar Pristine (AP81) | C3: goego-mhpu-aa-194 | D3: 0.051 | E3: 7.1
A4: 170257 | B4: Amar Tech Park | C4: goego-mhpu-aa-334 | D4: 3.764 | E4: 94.73
A5: 170330 | B5: Amar Pristine (AP81) | C5: goego-mhpu-aa-214 | D5: 12.321 | E5: 296.68
A6: 170254 | B6: Amar Pristine (AP81) | C6: goego-mhpu-aa-191 | D6: 1.92 | E6: 51.21
A7: 170259 | B7: Amar Tech Park | C7: goego-mhpu-aa-357 | D7: 1.871 | E7: 44.16
A8: 170262 | B8: Amar Tech Park | C8: goego-mhpu-aa-475 | D8: 2.294 | E8: 60.04
A9: 170306 | B9: Amar Tech Park | C9: goego-mhpu-aa-346 | D9: 1.023 | E9: 30.04
A10: 170329 | B10: Amar Pristine (AP81) | C10: goego-mhpu-aa-214 | D10: 0 | E10: 0
A11: 170328 | B11: Amar Pristine (AP81) | C11: goego-mhpu-aa-214 | D11: 0 | E11: 0
A12: 170327 | B12: Amar Pristine (AP81) | C12: goego-mhpu-aa-214 | D12: 0 | E12: 0
A13: 170325 | B13: Amar Pristine (AP81) | C13: goego-mhpu-aa-214 | D13: 0 | E13: 0
... A498: 162562 | B498: Amar Tech Park | C498: goego-mhpu-aa-331 | D498: 0 | E498: 0
A501: =SUMPRODUCT((A2:A498<>"")/COUNTIF(A2:A498,A2:A498&"")) -> 497 | B501: =SUMPRODUCT((B2:B498<>"")/COUNTIF(B2:B498,B2:B498&"")) -> 2 | C501: =SUMPRODUCT((C2:C498<>"")/COUNTIF(C2:C498,C2:C498&"")) -> 43 | D501: =SUM(D2:D498) -> 711.439 | E501: =SUM(E2:E498) -> 18801.97 | G501: TOTAL

Sheet Augest 2025
A1: Transaction Id | B1: Organisation | C1: Charge Point | D1: Consumption(kWh) | E1: Amount (with taxes)
A2: 178460 | B2: Amar Tech Park | C2: goego-mhpu-aa-353 | D2: 2.964 | E2: 75.85
A3: 178541 | B3: Amar Pristine (AP81) | C3: goego-mhpu-aa-189 | D3: 0.485 | E3: 17.35
A4: 178535 | B4: Amar Pristine (AP81) | C4: goego-mhpu-aa-187 | D4: 1.031 | E4: 30.23
A5: 178455 | B5: Amar Pristine (AP81) | C5: goego-mhpu-aa-185 | D5: 0.814 | E5: 25.11
A6: 178440 | B6: Amar Pristine (AP81) | C6: goego-mhpu-aa-202 | D6: 1.022 | E6: 30.02
A7: 178396 | B7: Amar Pristine (AP81) | C7: goego-mhpu-aa-174 | D7: 1.489 | E7: 41.04
A8: 178312 | B8: Amar Pristine (AP81) | C8: goego-mhpu-aa-185 | D8: 0.812 | E8: 25.06
A9: 178170 | B9: Amar Tech Park | C9: goego-mhpu-aa-353 | D9: 3.64 | E9: 91.8
A10: 178243 | B10: Amar Pristine (AP81) | C10: goego-mhpu-aa-194 | D10: 1.046 | E10: 30.59
A11: 178247 | B11: Amar Pristine (AP81) | C11: goego-mhpu-aa-191 | D11: 0.535 | E11: 18.53
A12: 178242 | B12: Amar Tech Park | C12: goego-mhpu-aa-353 | D12: 0.488 | E12: 17.42
A13: 178204 | B13: Amar Tech Park | C13: goego-mhpu-aa-345 | D13: 1.38 | E13: 38.47
... A396: 170470 | B396: Amar Pristine (AP81) | C396: goego-mhpu-aa-182 | D396: 0.333 | E396: 13.76
A398: =SUMPRODUCT((A2:A396<>"")/COUNTIF(A2:A396,A2:A396&"")) -> 395 | B398: =SUMPRODUCT((B2:B396<>"")/COUNTIF(B2:B396,B2:B396&"")) -> 2 | C398: =SUMPRODUCT((C2:C396<>"")/COUNTIF(C2:C396,C2:C396&"")) -> 39 | D398: =SUM(D2:D396) -> 536.126 | E398: =SUM(E2:E396) -> 14375.38 | G398: TOTAL

Sheet Sep 2025
A1: Transaction Id | B1: Organisation | C1: Charge Point | D1: Consumption(kWh) | E1: Amount (with taxes)
A2: 187500 | B2: Amar Tech Park | C2: goego-mhpu-aa-340 | D2: 1.875 | E2: 50.15
A3: 187403 | B3: Amar Tech Park | C3: goego-mhpu-aa-353 | D3: 3.467 | E3: 87.72
A4: 187446 | B4: Amar Tech Park | C4: goego-mhpu-aa-332 | D4: 0.869 | E4: 26.41
A5: 187462 | B5: Amar Pristine (AP81) | C5: goego-mhpu-aa-194 | D5: 0.793 | E5: 24.61
A6: 187459 | B6: Amar Pristine (AP81) | C6: goego-mhpu-aa-194 | D6: 0.78 | E6: 24.31
A7: 187389 | B7: Amar Tech Park | C7: goego-mhpu-aa-341 | D7: 2.634 | E7: 68.06
A8: 187370 | B8: Amar Tech Park | C8: goego-mhpu-aa-328 | D8: 2.091 | E8: 55.25
A9: 187391 | B9: Amar Tech Park | C9: goego-mhpu-aa-347 | D9: 2.216 | E9: 58.2
A10: 187426 | B10: Amar Tech Park | C10: goego-mhpu-aa-332 | D10: 0.364 | E10: 14.49
A11: 187350 | B11: Amar Tech Park | C11: goego-mhpu-aa-350 | D11: 2.273 | E11: 59.54
A12: 187441 | B12: Amar Pristine (AP81) | C12: goego-mhpu-aa-202 | D12: 0 | E12: 0
A13: 187417 | B13: Amar Pristine (AP81) | C13: goego-mhpu-aa-202 | D13: 0.508 | E13: 11.99
... A541: 178943 | B541: Amar Tech Park | C541: goego-mhpu-aa-327 | D541: 0.982 | E541: 29.08
A543: =SUMPRODUCT((A2:A541<>"")/COUNTIF(A2:A541,A2:A541&"")) -> 540 | B543: =SUMPRODUCT((B2:B541<>"")/COUNTIF(B2:B541,B2:B541&"")) -> 2 | C543: =SUMPRODUCT((C2:C541<>"")/COUNTIF(C2:C541,C2:C541&"")) -> 53 | D543: =SUM(D2:D541) -> 973.055 | E543: =SUM(E2:E541) -> 25355.59 | G543: TOTAL

Sheet Oct 2025
A1: Transaction Id | B1: Organisation | C1: Charge Point | D1: Consumption(kWh) | E1: Amount (with taxes)
A2: 193781 | B2: Amar Tech Park | C2: goego-mhpu-aa-345 | D2: 1.362 | E2: 38.04
A3: 193775 | B3: Amar Tech Park | C3: goego-mhpu-aa-334 | D3: 0.798 | E3: 24.73
A4: 193731 | B4: Amar Tech Park | C4: goego-mhpu-aa-475 | D4: 2.472 | E4: 64.24
A5: 193732 | B5: Amar Pristine (AP81) | C5: goego-mhpu-aa-189 | D5: 1.693 | E5: 45.85
A6: 193771 | B6: Amar Tech Park | C6: goego-mhpu-aa-334 | D6: 0 | E6: 0
A7: 193770 | B7: Amar Tech Park | C7: goego-mhpu-aa-334 | D7: 0 | E7: 0
A8: 193709 | B8: Amar Tech Park | C8: goego-mhpu-aa-357 | D8: 1.446 | E8: 40.03
A9: 193763 | B9: Amar Tech Park | C9: goego-mhpu-aa-345 | D9: 0.306 | E9: 13.12
A10: 193721 | B10: Amar Tech Park | C10: goego-mhpu-aa-332 | D10: 2.388 | E10: 62.26
A11: 193713 | B11: Amar Pristine (AP81) | C11: goego-mhpu-aa-201 | D11: 2.109 | E11: 55.67
A12: 193702 | B12: Amar Tech Park | C12: goego-mhpu-aa-327 | D12: 2.507 | E12: 65.07
A13: 193718 | B13: Amar Pristine (AP81) | C13: goego-mhpu-aa-185 | D13: 1.023 | E13: 30.04
... A559: 187623 | B559: Amar Pristine (AP81) | C559: goego-mhpu-aa-194 | D559: 0.433 | E559: 16.12
A562: =SUMPRODUCT((A2:A559<>"")/COUNTIF(A2:A559,A2:A559&"")) -> 558 | B562: =SUMPRODUCT((B2:B559<>"")/COUNTIF(B2:B559,B2:B559&"")) -> 2 | C562: =SUMPRODUCT((C2:C559<>"")/COUNTIF(C2:C559,C2:C559&"")) -> 45 | D562: =SUM(D2:D559) -> 803.488 | E562: =SUM(E2:E559) -> 21063.72 | G562: TOTAL

Sheet Nov 2025
A1: Transaction Id | B1: Organisation | C1: Charge Point | D1: Consumption(kWh) | E1: Amount (with taxes)
A2: 202056 | B2: Amar Pristine (AP81) | C2: goego-mhpu-aa-194 | D2: 3.45 | E2: 87.32
A3: 202071 | B3: Amar Pristine (AP81) | C3: goego-mhpu-aa-201 | D3: 0.597 | E3: 14.09
A4: 202078 | B4: Amar Tech Park | C4: goego-mhpu-aa-345 | D4: 0.547 | E4: 18.81
A5: 202046 | B5: Amar Pristine (AP81) | C5: goego-mhpu-aa-202 | D5: 1.162 | E5: 33.32
A6: 202054 | B6: Amar Tech Park | C6: goego-mhpu-aa-345 | D6: 1.347 | E6: 37.69
A7: 202066 | B7: Amar Pristine (AP81) | C7: goego-mhpu-aa-201 | D7: 0.112 | E7: 2.64
A8: 202050 | B8: Amar Pristine (AP81) | C8: goego-mhpu-aa-201 | D8: 0.987 | E8: 29.19
A9: 202049 | B9: Amar Pristine (AP81) | C9: goego-mhpu-aa-201 | D9: 0 | E9: 0
A10: 202048 | B10: Amar Pristine (AP81) | C10: goego-mhpu-aa-201 | D10: 0 | E10: 0
A11: 202047 | B11: Amar Pristine (AP81) | C11: goego-mhpu-aa-201 | D11: 0 | E11: 0
A12: 202023 | B12: Amar Pristine (AP81) | C12: goego-mhpu-aa-182 | D12: 1.129 | E12: 32.54
A13: 201949 | B13: Amar Pristine (AP81) | C13: goego-mhpu-aa-202 | D13: 0.812 | E13: 25.06
... A488: 193886 | B488: Amar Pristine (AP81) | C488: goego-mhpu-aa-182 | D488: 0.599 | E488: 20.04
A490: =SUMPRODUCT((A2:A488<>"")/COUNTIF(A2:A488,A2:A488&"")) -> 487 | B490: =SUMPRODUCT((B2:B488<>"")/COUNTIF(B2:B488,B2:B488&"")) -> 2 | C490: =SUMPRODUCT((C2:C488<>"")/COUNTIF(C2:C488,C2:C488&"")) -> 40 | D490: =SUM(D2:D488) -> 956.059 | E490: =SUM(E2:E488) -> 24793.21 | G490: TOTAL

Sheet Dec 2025
A1: Transaction Id | B1: Organisation | C1: Charge Point | D1: Consumption(kWh) | E1: Amount (with taxes)
A2: 210824 | B2: Amar Pristine (AP81) | C2: goego-mhpu-aa-181 | D2: 0.178 | E2: 10.1
A3: 210751 | B3: Amar Pristine (AP81) | C3: goego-mhpu-aa-202 | D3: 1.402 | E3: 38.99
A4: 210724 | B4: Amar Tech Park | C4: goego-mhpu-aa-332 | D4: 1.049 | E4: 30.66
A5: 210673 | B5: Amar Tech Park | C5: goego-mhpu-aa-332 | D5: 2.844 | E5: 73.02
A6: 210679 | B6: Amar Pristine (AP81) | C6: goego-mhpu-aa-182 | D6: 1.433 | E6: 39.72
A7: 210712 | B7: Amar Tech Park | C7: goego-mhpu-aa-327 | D7: 0.815 | E7: 25.13
A8: 210690 | B8: Amar Pristine (AP81) | C8: goego-mhpu-aa-182 | D8: 1.984 | E8: 52.72
A9: 210660 | B9: Amar Tech Park | C9: goego-mhpu-aa-331 | D9: 2.143 | E9: 56.47
A10: 210655 | B10: Amar Tech Park | C10: goego-mhpu-aa-352 | D10: 1.575 | E10: 43.07
A11: 210663 | B11: Amar Pristine (AP81) | C11: goego-mhpu-aa-194 | D11: 1.225 | E11: 34.81
A12: 210669 | B12: Amar Tech Park | C12: goego-mhpu-aa-345 | D12: 0.762 | E12: 23.88
A13: 210656 | B13: Amar Tech Park | C13: goego-mhpu-aa-341 | D13: 1.778 | E13: 47.86
... A523: 202471 | B523: Amar Tech Park | C523: goego-mhpu-aa-345 | D523: 1.404 | E523: 39.03
A525: =SUMPRODUCT((A2:A523<>"")/COUNTIF(A2:A523,A2:A523&"")) -> 522 | B525: =SUMPRODUCT((B2:B523<>"")/COUNTIF(B2:B523,B2:B523&"")) -> 2 | C525: =SUMPRODUCT((C2:C523<>"")/COUNTIF(C2:C523,C2:C523&"")) -> 47 | D525: =SUM(D2:D523) -> 1147.27 | E525: =SUM(E2:E523) -> 29406.09 | G525: TOTAL

Sheet Jan 2026
A1: Transaction Id | B1: Organisation | C1: Charge Point | D1: Consumption(kWh) | E1: Amount (with taxes)
A2: 218830 | B2: Amar Pristine (AP81) | C2: goego-mhpu-aa-202 | D2: 1.356 | E2: 37.9
A3: 218843 | B3: Amar Tech Park | C3: goego-mhpu-aa-340 | D3: 0.323 | E3: 7.62
A4: 218838 | B4: Amar Tech Park | C4: goego-mhpu-aa-340 | D4: 0.151 | E4: 9.46
A5: 218837 | B5: Amar Tech Park | C5: goego-mhpu-aa-340 | D5: 0.051 | E5: 7.1
A6: 218653 | B6: Amar Tech Park | C6: goego-mhpu-aa-340 | D6: 2.288 | E6: 59.9
A7: 218631 | B7: Amar Tech Park | C7: goego-mhpu-aa-334 | D7: 1.072 | E7: 31.2
A8: 218604 | B8: Amar Pristine (AP81) | C8: goego-mhpu-aa-202 | D8: 1.972 | E8: 52.44
A9: 218557 | B9: Amar Pristine (AP81) | C9: goego-mhpu-aa-193 | D9: 1.831 | E9: 49.11
A10: 218558 | B10: Amar Tech Park | C10: goego-mhpu-aa-357 | D10: 1.309 | E10: 36.79
A11: 218551 | B11: Amar Tech Park | C11: goego-mhpu-aa-307 | D11: 24.894 | E11: 593.4
A12: 218566 | B12: Amar Pristine (AP81) | C12: goego-mhpu-aa-194 | D12: 1.196 | E12: 34.13
A13: 218552 | B13: Amar Tech Park | C13: goego-mhpu-aa-345 | D13: 1.624 | E13: 44.23
... A406: 211111 | B406: Amar Tech Park | C406: goego-mhpu-aa-347 | D406: 2.472 | E406: 64.24
A408: =SUMPRODUCT((A2:A406<>"")/COUNTIF(A2:A406,A2:A406&"")) -> 405 | B408: =SUMPRODUCT((B2:B406<>"")/COUNTIF(B2:B406,B2:B406&"")) -> 2 | C408: =SUMPRODUCT((C2:C406<>"")/COUNTIF(C2:C406,C2:C406&"")) -> 50 | D408: =SUM(D2:D406) -> 694.142 | E408: =SUM(E2:E406) -> 18234.37 | G408: TOTAL

Sheet Feb 2026
A1: Transaction Id | B1: Organisation | C1: Charge Point | D1: Consumption(kWh) | E1: Amount (with taxes)
A2: 227696 | B2: Amar Pristine (AP81) | C2: goego-mhpu-aa-187 | D2: 1.028 | E2: 30.16
A3: 227569 | B3: Amar Pristine (AP81) | C3: goego-mhpu-aa-202 | D3: 2.317 | E3: 60.58
A4: 227621 | B4: Amar Pristine (AP81) | C4: goego-mhpu-aa-197 | D4: 0.179 | E4: 10.12
A5: 227566 | B5: Amar Pristine (AP81) | C5: goego-mhpu-aa-197 | D5: 1.453 | E5: 40.19
A6: 227463 | B6: Amar Tech Park | C6: goego-mhpu-aa-356 | D6: 1.314 | E6: 36.91
A7: 227426 | B7: Amar Pristine (AP81) | C7: goego-mhpu-aa-187 | D7: 1.872 | E7: 50.08
A8: 227348 | B8: Amar Pristine (AP81) | C8: goego-mhpu-aa-199 | D8: 1.879 | E8: 50.24
A9: 227268 | B9: Amar Tech Park | C9: goego-mhpu-aa-347 | D9: 2.507 | E9: 65.07
A10: 227283 | B10: Amar Tech Park | C10: goego-mhpu-aa-334 | D10: 1.025 | E10: 30.09
A11: 227277 | B11: Amar Pristine (AP81) | C11: goego-mhpu-aa-205 | D11: 1.779 | E11: 47.88
A12: 227202 | B12: Amar Pristine (AP81) | C12: goego-mhpu-aa-190 | D12: 3.446 | E12: 87.23
A13: 227208 | B13: Amar Tech Park | C13: goego-mhpu-aa-349 | D13: 3.59 | E13: 90.62
... A363: 219147 | B363: Amar Tech Park | C363: goego-mhpu-aa-340 | D363: 1.025 | E363: 30.09
A365: =SUMPRODUCT((A2:A363<>"")/COUNTIF(A2:A363,A2:A363&"")) -> 362 | B365: =SUMPRODUCT((B2:B363<>"")/COUNTIF(B2:B363,B2:B363&"")) -> 2 | C365: =SUMPRODUCT((C2:C363<>"")/COUNTIF(C2:C363,C2:C363&"")) -> 51 | D365: =SUM(D2:D363) -> 778.006 | E365: =SUM(E2:E363) -> 20119.67 | G365: TOTAL

Sheet March 2026
A1: Transaction Id | B1: Organisation | C1: Charge Point | D1: Consumption(kWh) | E1: Amount (with taxes)
A2: 250334 | B2: Amar Pristine (AP81) | C2: goego-mhpu-aa-197 | D2: 0 | E2: 0
A3: 250333 | B3: Amar Pristine (AP81) | C3: goego-mhpu-aa-197 | D3: 0 | E3: 0
A4: 250332 | B4: Amar Pristine (AP81) | C4: goego-mhpu-aa-197 | D4: 0 | E4: 0
A5: 250331 | B5: Amar Pristine (AP81) | C5: goego-mhpu-aa-197 | D5: 0 | E5: 0
A6: 250330 | B6: Amar Pristine (AP81) | C6: goego-mhpu-aa-197 | D6: 0 | E6: 0
A7: 250326 | B7: Amar Pristine (AP81) | C7: goego-mhpu-aa-197 | D7: 0 | E7: 0
A8: 250324 | B8: Amar Pristine (AP81) | C8: goego-mhpu-aa-197 | D8: 0 | E8: 0
A9: 250099 | B9: Amar Pristine (AP81) | C9: goego-mhpu-aa-235 | D9: 15.109 | E9: 362.47
A10: 250320 | B10: Amar Pristine (AP81) | C10: goego-mhpu-aa-197 | D10: 0 | E10: 0
A11: 250319 | B11: Amar Pristine (AP81) | C11: goego-mhpu-aa-197 | D11: 0 | E11: 0
A12: 250318 | B12: Amar Pristine (AP81) | C12: goego-mhpu-aa-197 | D12: 0 | E12: 0
A13: 250317 | B13: Amar Pristine (AP81) | C13: goego-mhpu-aa-197 | D13: 0 | E13: 0
... A13909: 228034 | B13909: Amar Pristine (AP81) | C13909: goego-mhpu-aa-202 | D13909: 1.685 | E13909: 45.67
A13911: =SUMPRODUCT((LEN(A2:A13909)>0)/COUNTIF(A2:A13909,A2:A13909&"")) -> 13908 | B13911: =SUMPRODUCT((B2:B13909<>"")/COUNTIF(B2:B13909,B2:B13909&"")) -> 2 | C13911: =SUMPRODUCT((C2:C13909<>"")/COUNTIF(C2:C13909,C2:C13909&"")) -> 57 | D13911: =SUM(D2:D13909) -> 902.589 | E13911: =SUM(E2:E13909) -> 23118.95 | G13911: TOTAL

Sheet Apr 2026
A1: Transaction Id | B1: Organisation | C1: Charge Point | D1: Consumption(kWh) | E1: Amount (with taxes)
A2: 273975 | B2: Amar Pristine (AP81) | C2: goego-mhpu-aa-205 | D2: 0.921 | E2: 27.64
A3: 273944 | B3: Amar Pristine (AP81) | C3: goego-mhpu-aa-200 | D3: 1.986 | E3: 52.77
A4: 273971 | B4: Amar Tech Park | C4: goego-mhpu-aa-340 | D4: 0.363 | E4: 14.47
A5: 273964 | B5: Amar Tech Park | C5: goego-mhpu-aa-340 | D5: 0.108 | E5: 8.45
A6: 273921 | B6: Amar Tech Park | C6: goego-mhpu-aa-357 | D6: 0.81 | E6: 25.02
A7: 273867 | B7: Amar Tech Park | C7: goego-mhpu-aa-475 | D7: 2.894 | E7: 74.2
A8: 273810 | B8: Amar Pristine (AP81) | C8: goego-mhpu-aa-173 | D8: 2.421 | E8: 63.04
A9: 273819 | B9: Amar Pristine (AP81) | C9: goego-mhpu-aa-205 | D9: 3.14 | E9: 80
A10: 273896 | B10: Amar Pristine (AP81) | C10: goego-mhpu-aa-173 | D10: 2.081 | E10: 49.11
A11: 273882 | B11: Amar Tech Park | C11: goego-mhpu-aa-349 | D11: 2.157 | E11: 56.81
A12: 273843 | B12: Amar Pristine (AP81) | C12: goego-mhpu-aa-219 | D12: 24.489 | E12: 583.84
A13: 273883 | B13: Amar Tech Park | C13: goego-mhpu-aa-332 | D13: 1.572 | E13: 43
... A15524: 250335 | B15524: Amar Pristine (AP81) | C15524: goego-mhpu-aa-197 | D15524: 0 | E15524: 0
A15526: =SUMPRODUCT((LEN(A2:A15524)>0)/COUNTIF(A2:A15524,A2:A15524&"")) -> 15523 | B15526: =SUMPRODUCT((LEN(B2:B15524)>0)/COUNTIF(B2:B15524,B2:B15524&"")) -> 2 | C15526: =SUMPRODUCT((LEN(C2:C15524)>0)/COUNTIF(C2:C15524,C2:C15524&"")) -> 51 | D15526: =SUM(D2:D15524) -> 785.205 | E15526: =SUM(E2:E15524) -> 20389.33 | G15526: TOTAL
