Workbook

Sheet Overall
A1: Ennarsoft
A2: Month | B2: No. of Transaction | C2: No. of Organisation | D2: No. of Charge Point | E2: Total Consumption(kWh) | F2: Total Amount (with taxes)
A3: 45778 | B3: ='may 25'!A4 -> 1 | C3: ='may 25'!B4 -> 1 | D3: ='may 25'!C4 -> 1 | E3: ='may 25'!D4 -> 0 | F3: ='may 25'!E4 -> 0
A4: 45809 | B4: ='June 25'!A5 -> 2 | C4: ='June 25'!B5 -> 1 | D4: ='June 25'!C5 -> 1 | E4: ='June 25'!D5 -> 0.216 | F4: ='June 25'!E5 -> 0
A5: 45839 | B5: 0 | C5: 0 | D5: 0 | E5: 0 | F5: 0
A6: 45870 | B6: ='Aug 25'!A317 -> 314 | C6: ='Aug 25'!B317 -> 1 | D6: ='Aug 25'!C317 -> 2 | E6: ='Aug 25'!D317 -> 278.385 | F6: ='Aug 25'!E317 -> 6346.53
A7: 45901 | B7: ='Sep 25'!A85 -> 82 | C7: ='Sep 25'!B85 -> 1 | D7: ='Sep 25'!C85 -> 2 | E7: ='Sep 25'!D85 -> 68.071 | F7: ='Sep 25'!E85 -> 1551.89
A8: 45931 | B8: ='Oct 25'!A101 -> 98 | C8: ='Oct 25'!B101 -> 1 | D8: ='Oct 25'!C101 -> 2 | E8: ='Oct 25'!D101 -> 87.437 | F8: ='Oct 25'!E101 -> 1999.14
A9: 45962 | B9: ='Nov 25'!A128 -> 125 | C9: ='Nov 25'!B128 -> 1 | D9: ='Nov 25'!C128 -> 2 | E9: ='Nov 25'!D128 -> 70.155 | F9: ='Nov 25'!E128 -> 1604.05
A10: 45992 | B10: ='Dec 25'!A37 -> 34 | C10: ='Dec 25'!B37 -> 1 | D10: ='Dec 25'!C37 -> 2 | E10: ='Dec 25'!D37 -> 17.394 | F10: ='Dec 25'!E37 -> 403.74
A11: 46023 | B11: ='Jan 26'!A380 -> 376 | C11: ='Jan 26'!B380 -> 1 | D11: ='Jan 26'!C380 -> 2 | E11: ='Jan 26'!D380 -> 147.994 | F11: ='Jan 26'!E380 -> 3907.42
A12: 46054 | B12: ='Feb 26'!A446 -> 443 | C12: ='Feb 26'!B446 -> 1 | D12: ='Feb 26'!C446 -> 1 | E12: ='Feb 26'!D446 -> 298.386 | F12: ='Feb 26'!E446 -> 6897.53
A13: 46082 | B13: ='March 26'!A442 -> 439 | C13: ='March 26'!B442 -> 1 | D13: ='March 26'!C442 -> 1 | E13: ='March 26'!D442 -> 450.338 | F13: ='March 26'!E442 -> 10268.32
A14: 46113 | B14: ='Apr 26'!A246 -> 242 | C14: ='Apr 26'!B246 -> 1 | D14: ='Apr 26'!C246 -> 1 | E14: ='Apr 26'!D246 -> 84033.016 | F14: ='Apr 26'!E246 -> 1915751.7
B16: TOTAL | E16: =SUM(E3:E14) -> 85451.392 | F16: =SUM(F3:F14) -> 1948730.3

Sheet may 25
A1: Transaction Id | B1: Organisation | C1: Charge Point | D1: Consumption(kWh) | E1: Amount (with taxes)
A2: 155684 | B2: goEgo Office | C2: owltest | D2: 0 | E2: 0
A4: =SUMPRODUCT((A2:A2<>"")/COUNTIF(A2:A2,A2:A2&"")) -> 1 | B4: =SUMPRODUCT((B2:B2<>"")/COUNTIF(B2:B2,B2:B2&"")) -> 1 | C4: =SUMPRODUCT((C2:C2<>"")/COUNTIF(C2:C2,C2:C2&"")) -> 1 | D4: =SUM(D2:D2) -> 0 | E4: =SUM(E2:E2) -> 0 | F4: TOTAL

Sheet June 25
A1: Transaction Id | B1: Organisation | C1: Charge Point | D1: Consumption(kWh) | E1: Amount (with taxes)
A2: 157909 | B2: goEgo Office | C2: staticbac | D2: 0.097 | E2: 0
A3: 157900 | B3: goEgo Office | C3: staticbac | D3: 0.119 | E3: 0
A5: =SUMPRODUCT((A2:A3<>"")/COUNTIF(A2:A3,A2:A3&"")) -> 2 | B5: =SUMPRODUCT((B2:B3<>"")/COUNTIF(B2:B3,B2:B3&"")) -> 1 | C5: =SUMPRODUCT((C2:C3<>"")/COUNTIF(C2:C3,C2:C3&"")) -> 1 | D5: =SUM(D2:D3) -> 0.216 | E5: =SUM(E2:E3) -> 0 | F5: TOTAL

Sheet Aug 25
A1: Transaction Id | B1: Organisation | C1: Charge Point | D1: Consumption(kWh) | E1: Amount (with taxes)
A2: 178587 | B2: goEgo Office | C2: dctestprd | D2: 0 | E2: 0
A3: 178584 | B3: goEgo Office | C3: dctestprd | D3: 0 | E3: 0
A4: 178583 | B4: goEgo Office | C4: dctestprd | D4: 0 | E4: 0
A5: 178580 | B5: goEgo Office | C5: dctestprd | D5: 0 | E5: 0
A6: 178568 | B6: goEgo Office | C6: dctestprd | D6: 4.301 | E6: 98.05
A7: 178567 | B7: goEgo Office | C7: dctestprd | D7: 0.18 | E7: 4.1
A8: 178560 | B8: goEgo Office | C8: dctestprd | D8: 4.5 | E8: 102.59
A9: 178565 | B9: goEgo Office | C9: dctestprd | D9: 0 | E9: 0
A10: 178561 | B10: goEgo Office | C10: dctestprd | D10: 0 | E10: 0
A11: 178559 | B11: goEgo Office | C11: dctestprd | D11: 0.61 | E11: 13.91
A12: 178556 | B12: goEgo Office | C12: dctestprd | D12: 0.16 | E12: 3.65
A13: 178552 | B13: goEgo Office | C13: dctestprd | D13: 0.081 | E13: 1.85
... A315: 170641 | B315: goEgo Office | C315: dctestprd | D315: 0 | E315: 0
A317: =SUMPRODUCT((A2:A315<>"")/COUNTIF(A2:A315,A2:A315&"")) -> 314 | B317: =SUMPRODUCT((B2:B315<>"")/COUNTIF(B2:B315,B2:B315&"")) -> 1 | C317: =SUMPRODUCT((C2:C315<>"")/COUNTIF(C2:C315,C2:C315&"")) -> 2 | D317: =SUM(D2:D315) -> 278.385 | E317: =SUM(E2:E315) -> 6346.53 | F317: TOTAL

Sheet Sep 25
A1: Transaction Id | B1: Organisation | C1: Charge Point | D1: Consumption(kWh) | E1: Amount (with taxes)
A2: 187519 | B2: goEgo Office | C2: levdctest | D2: 0 | E2: 0
A3: 187514 | B3: goEgo Office | C3: levdctest | D3: 0 | E3: 0
A4: 187511 | B4: goEgo Office | C4: levdctest | D4: 0 | E4: 0
A5: 187508 | B5: goEgo Office | C5: levdctest | D5: 0 | E5: 0
A6: 187493 | B6: goEgo Office | C6: levdctest | D6: 0 | E6: 0
A7: 187480 | B7: goEgo Office | C7: levdctest | D7: 0 | E7: 0
A8: 185074 | B8: goEgo Office | C8: dctestprd | D8: 0 | E8: 0
A9: 185072 | B9: goEgo Office | C9: dctestprd | D9: 0 | E9: 0
A10: 185070 | B10: goEgo Office | C10: dctestprd | D10: 0 | E10: 0
A11: 185069 | B11: goEgo Office | C11: dctestprd | D11: 0 | E11: 0
A12: 185067 | B12: goEgo Office | C12: dctestprd | D12: 0 | E12: 0
A13: 185031 | B13: goEgo Office | C13: dctestprd | D13: 0.009 | E13: 0.21
... A83: 179018 | B83: goEgo Office | C83: dctestprd | D83: 0 | E83: 0
A85: =SUMPRODUCT((A2:A83<>"")/COUNTIF(A2:A83,A2:A83&"")) -> 82 | B85: =SUMPRODUCT((B2:B83<>"")/COUNTIF(B2:B83,B2:B83&"")) -> 1 | C85: =SUMPRODUCT((C2:C83<>"")/COUNTIF(C2:C83,C2:C83&"")) -> 2 | D85: =SUM(D2:D83) -> 68.071 | E85: =SUM(E2:E83) -> 1551.89 | F85: TOTAL

Sheet Oct 25
A1: Transaction Id | B1: Organisation | C1: Charge Point | D1: Consumption(kWh) | E1: Amount (with taxes)
A2: 193794 | B2: goEgo Office | C2: dctestprd | D2: 1.83 | E2: 41.72
A3: 193792 | B3: goEgo Office | C3: dctestprd | D3: 4.56 | E3: 103.96
A4: 193786 | B4: goEgo Office | C4: dctestprd | D4: 5.78 | E4: 131.77
A5: 193783 | B5: goEgo Office | C5: dctestprd | D5: 4.451 | E5: 101.47
A6: 193782 | B6: goEgo Office | C6: dctestprd | D6: 0.499 | E6: 11.38
A7: 193778 | B7: goEgo Office | C7: dctestprd | D7: 0.31 | E7: 7.07
A8: 193762 | B8: goEgo Office | C8: dctestprd | D8: 0.179 | E8: 4.08
A9: 193761 | B9: goEgo Office | C9: dctestprd | D9: 0 | E9: 0
A10: 193760 | B10: goEgo Office | C10: dctestprd | D10: 0 | E10: 0
A11: 193747 | B11: goEgo Office | C11: dctestprd | D11: 0 | E11: 0
A12: 193744 | B12: goEgo Office | C12: dctestprd | D12: 0 | E12: 0
A13: 193743 | B13: goEgo Office | C13: dctestprd | D13: 0 | E13: 0
... A99: 187717 | B99: goEgo Office | C99: levdctest | D99: 0 | E99: 0
A101: =SUMPRODUCT((A2:A99<>"")/COUNTIF(A2:A99,A2:A99&"")) -> 98 | B101: =SUMPRODUCT((B2:B99<>"")/COUNTIF(B2:B99,B2:B99&"")) -> 1 | C101: =SUMPRODUCT((C2:C99<>"")/COUNTIF(C2:C99,C2:C99&"")) -> 2 | D101: =SUM(D2:D99) -> 87.437 | E101: =SUM(E2:E99) -> 1999.14 | F101: TOTAL

Sheet Nov 25
A1: Transaction Id | B1: Organisation | C1: Charge Point | D1: Consumption(kWh) | E1: Amount (with taxes)
A2: 201898 | B2: goEgo Office | C2: dctestprd | D2: 0.169 | E2: 3.85
A3: 201828 | B3: goEgo Office | C3: dctestprd | D3: 0.311 | E3: 7.09
A4: 201827 | B4: goEgo Office | C4: dctestprd | D4: 0.029 | E4: 0.66
A5: 201826 | B5: goEgo Office | C5: dctestprd | D5: 0 | E5: 0
A6: 201571 | B6: goEgo Office | C6: dctestprd | D6: 0.609 | E6: 13.88
A7: 201563 | B7: goEgo Office | C7: dctestprd | D7: 0.5 | E7: 11.4
A8: 201559 | B8: goEgo Office | C8: dctestprd | D8: 0.159 | E8: 3.62
A9: 201090 | B9: goEgo Office | C9: dctestprd | D9: 0 | E9: 0
A10: 201088 | B10: goEgo Office | C10: dctestprd | D10: 0 | E10: 0
A11: 201083 | B11: goEgo Office | C11: dctestprd | D11: 0 | E11: 0
A12: 201082 | B12: goEgo Office | C12: dctestprd | D12: 0 | E12: 0
A13: 201081 | B13: goEgo Office | C13: dctestprd | D13: 0.41 | E13: 9.35
... A126: 195054 | B126: goEgo Office | C126: dctestprd | D126: 0.039 | E126: 0.89
A128: =SUMPRODUCT((A2:A126<>"")/COUNTIF(A2:A126,A2:A126&"")) -> 125 | B128: =SUMPRODUCT((B2:B126<>"")/COUNTIF(B2:B126,B2:B126&"")) -> 1 | C128: =SUMPRODUCT((C2:C126<>"")/COUNTIF(C2:C126,C2:C126&"")) -> 2 | D128: =SUM(D2:D126) -> 70.155 | E128: =SUM(E2:E126) -> 1604.05 | F128: TOTAL

Sheet Dec 25
A1: Transaction Id | B1: Organisation | C1: Charge Point | D1: Consumption(kWh) | E1: Amount (with taxes)
A2: 210781 | B2: goEgo Office | C2: dctestprd | D2: 0.45 | E2: 11.09
A3: 210768 | B3: goEgo Office | C3: dctestprd | D3: 0.449 | E3: 10.64
A4: 210755 | B4: goEgo Office | C4: dctestprd | D4: 0.049 | E4: 1.68
A5: 210717 | B5: goEgo Office | C5: dctestprd | D5: 0.799 | E5: 19.61
A6: 210714 | B6: goEgo Office | C6: dctestprd | D6: 1.551 | E6: 38.15
A7: 210697 | B7: goEgo Office | C7: goego-arai-owl-001 | D7: 0.209 | E7: 5.05
A8: 210683 | B8: goEgo Office | C8: goego-arai-owl-001 | D8: 0.138 | E8: 3.23
A9: 210455 | B9: goEgo Office | C9: dctestprd | D9: 0.84 | E9: 19.43
A10: 210449 | B10: goEgo Office | C10: dctestprd | D10: 0 | E10: 0
A11: 210448 | B11: goEgo Office | C11: dctestprd | D11: 0 | E11: 0
A12: 210447 | B12: goEgo Office | C12: dctestprd | D12: 0 | E12: 0
A13: 210440 | B13: goEgo Office | C13: goego-arai-owl-001 | D13: 0.022 | E13: 0.79
... A35: 203652 | B35: goEgo Office | C35: dctestprd | D35: 0 | E35: 0
A37: =SUMPRODUCT((A2:A35<>"")/COUNTIF(A2:A35,A2:A35&"")) -> 34 | B37: =SUMPRODUCT((B2:B35<>"")/COUNTIF(B2:B35,B2:B35&"")) -> 1 | C37: =SUMPRODUCT((C2:C35<>"")/COUNTIF(C2:C35,C2:C35&"")) -> 2 | D37: =SUM(D2:D35) -> 17.394 | E37: =SUM(E2:E35) -> 403.74 | F37: TOTAL

Sheet Jan 26
A1: Transaction Id | B1: Organisation | C1: Charge Point | D1: Consumption(kWh) | E1: Amount (with taxes)
A2: 218638 | B2: goEgo Office | C2: dctestprd | D2: 0.12 | E2: 2.74
A3: 218636 | B3: goEgo Office | C3: dctestprd | D3: 0.11 | E3: 2.51
A4: 218634 | B4: goEgo Office | C4: dctestprd | D4: 0 | E4: 0
A5: 218630 | B5: goEgo Office | C5: dctestprd | D5: 0.701 | E5: 15.98
A6: 218618 | B6: goEgo Office | C6: dctestprd | D6: 0.849 | E6: 19.36
A7: 218594 | B7: goEgo Office | C7: dctestprd | D7: 0.57 | E7: 12.99
A8: 218582 | B8: goEgo Office | C8: dctestprd | D8: 0 | E8: 0
A9: 218562 | B9: goEgo Office | C9: dctestprd | D9: 4.44 | E9: 101.22
A10: 218368 | B10: goEgo Office | C10: dctestprd | D10: 0.059 | E10: 1.35
A11: 218317 | B11: goEgo Office | C11: dctestprd | D11: 0.06 | E11: 1.37
A12: 218312 | B12: goEgo Office | C12: dctestprd | D12: 0 | E12: 0
A13: 218130 | B13: goEgo Office | C13: dctestprd | D13: 0.201 | E13: 4.58
... A377: 211009 | B377: goEgo Office | C377: dctestprd | D377: 0 | E377: 0
A380: =SUMPRODUCT((A2:A377<>"")/COUNTIF(A2:A377,A2:A377&"")) -> 376 | B380: =SUMPRODUCT((B2:B377<>"")/COUNTIF(B2:B377,B2:B377&"")) -> 1 | C380: =SUMPRODUCT((C2:C377<>"")/COUNTIF(C2:C377,C2:C377&"")) -> 2 | D380: =SUM(D2:D377) -> 147.994 | E380: =SUM(E2:E377) -> 3907.42 | F380: TOTAL

Sheet Feb 26
A1: Transaction Id | B1: Organisation | C1: Charge Point | D1: Consumption(kWh) | E1: Amount (with taxes)
A2: 227685 | B2: goEgo Office | C2: dctestprd | D2: 1.46 | E2: 33.28
A3: 227682 | B3: goEgo Office | C3: dctestprd | D3: 0.73 | E3: 16.64
A4: 227671 | B4: goEgo Office | C4: dctestprd | D4: 13.22 | E4: 301.38
A5: 227672 | B5: goEgo Office | C5: dctestprd | D5: 1.74 | E5: 39.67
A6: 227669 | B6: goEgo Office | C6: dctestprd | D6: 0.889 | E6: 20.27
A7: 227636 | B7: goEgo Office | C7: dctestprd | D7: 8.21 | E7: 187.17
A8: 227641 | B8: goEgo Office | C8: dctestprd | D8: 1.58 | E8: 36.02
A9: 227637 | B9: goEgo Office | C9: dctestprd | D9: 0 | E9: 0
A10: 227620 | B10: goEgo Office | C10: dctestprd | D10: 1.79 | E10: 40.81
A11: 227618 | B11: goEgo Office | C11: dctestprd | D11: 0.29 | E11: 6.61
A12: 227597 | B12: goEgo Office | C12: dctestprd | D12: 0.88 | E12: 20.06
A13: 227598 | B13: goEgo Office | C13: dctestprd | D13: 6.321 | E13: 144.1
... A444: 220389 | B444: goEgo Office | C444: dctestprd | D444: 0.02 | E444: 0.74
A446: =SUMPRODUCT((A2:A444<>"")/COUNTIF(A2:A444,A2:A444&"")) -> 443 | B446: =SUMPRODUCT((B2:B444<>"")/COUNTIF(B2:B444,B2:B444&"")) -> 1 | C446: =SUMPRODUCT((C2:C444<>"")/COUNTIF(C2:C444,C2:C444&"")) -> 1 | D446: =SUM(D2:D444) -> 298.386 | E446: =SUM(E2:E444) -> 6897.53 | F446: TOTAL

Sheet March 26
A1: Transaction Id | B1: Organisation | C1: Charge Point | D1: Consumption(kWh) | E1: Amount (with taxes)
A2: 249930 | B2: goEgo Office | C2: dctestprd | D2: 0.96 | E2: 21.89
A3: 249912 | B3: goEgo Office | C3: dctestprd | D3: 0.02 | E3: 0.46
A4: 249910 | B4: goEgo Office | C4: dctestprd | D4: 0.43 | E4: 9.8
A5: 249875 | B5: goEgo Office | C5: dctestprd | D5: 0.031 | E5: 0.71
A6: 249873 | B6: goEgo Office | C6: dctestprd | D6: 0.57 | E6: 12.99
A7: 249841 | B7: goEgo Office | C7: dctestprd | D7: 0.039 | E7: 0.89
A8: 249838 | B8: goEgo Office | C8: dctestprd | D8: 0.899 | E8: 20.5
A9: 249824 | B9: goEgo Office | C9: dctestprd | D9: 0.03 | E9: 0.68
A10: 249821 | B10: goEgo Office | C10: dctestprd | D10: 0.449 | E10: 10.24
A11: 249780 | B11: goEgo Office | C11: dctestprd | D11: 0.01 | E11: 0.23
A12: 249778 | B12: goEgo Office | C12: dctestprd | D12: 0.52 | E12: 11.85
A13: 249744 | B13: goEgo Office | C13: dctestprd | D13: 0.05 | E13: 1.14
... A440: 228450 | B440: goEgo Office | C440: dctestprd | D440: 0.11 | E440: 2.51
A442: =SUMPRODUCT((A2:A440<>"")/COUNTIF(A2:A440,A2:A440&"")) -> 439 | B442: =SUMPRODUCT((B2:B440<>"")/COUNTIF(B2:B440,B2:B440&"")) -> 1 | C442: =SUMPRODUCT((C2:C440<>"")/COUNTIF(C2:C440,C2:C440&"")) -> 1 | D442: =SUM(D2:D440) -> 450.338 | E442: =SUM(E2:E440) -> 10268.32 | F442: TOTAL

Sheet Apr 26
A1: Transaction Id | B1: Organisation | C1: Charge Point | D1: Consumption(kWh) | E1: Amount (with taxes)
A2: 273894 | B2: goEgo Office | C2: dctestprd | D2: 1.95 | E2: 44.46
A3: 273895 | B3: goEgo Office | C3: dctestprd | D3: 0 | E3: 0
A4: 273892 | B4: goEgo Office | C4: dctestprd | D4: 0 | E4: 0
A5: 272049 | B5: goEgo Office | C5: dctestprd | D5: 0.909 | E5: 20.72
A6: 272054 | B6: goEgo Office | C6: dctestprd | D6: 1.149 | E6: 26.19
A7: 272041 | B7: goEgo Office | C7: dctestprd | D7: 1.161 | E7: 26.47
A8: 272032 | B8: goEgo Office | C8: dctestprd | D8: 0.16 | E8: 3.65
A9: 272028 | B9: goEgo Office | C9: dctestprd | D9: 0.891 | E9: 20.31
A10: 271345 | B10: goEgo Office | C10: dctestprd | D10: 0.989 | E10: 22.55
A11: 271343 | B11: goEgo Office | C11: dctestprd | D11: 0.079 | E11: 1.8
A12: 271340 | B12: goEgo Office | C12: dctestprd | D12: 0.04 | E12: 0.91
A13: 271295 | B13: goEgo Office | C13: dctestprd | D13: 0.02 | E13: 0.46
... A243: 250687 | B243: goEgo Office | C243: dctestprd | D243: 0.041 | E243: 0.93
A246: =SUMPRODUCT((A2:A243<>"")/COUNTIF(A2:A243,A2:A243&"")) -> 242 | B246: =SUMPRODUCT((B2:B243<>"")/COUNTIF(B2:B243,B2:B243&"")) -> 1 | C246: =SUMPRODUCT((C2:C243<>"")/COUNTIF(C2:C243,C2:C243&"")) -> 1 | D246: =SUM(D2:D243) -> 84033.016 | E246: =SUM(E2:E243) -> 1915751.7
