Workbook

Sheet goEgo Charge Park
A1: Transaction Id | B1: Organisation | C1: Charge Point | D1: Consumption(kWh) | E1: Amount (with taxes)
A2: 273959 | B2: goEgo Charge Park | C2: dctestprd02 | D2: 0 | E2: 0
A3: 273956 | B3: goEgo Charge Park | C3: dctestprd02 | D3: 0 | E3: 0
A4: 273935 | B4: goEgo Charge Park | C4: dctestprd02 | D4: 0 | E4: 0
A5: 273925 | B5: goEgo Charge Park | C5: dctestprd02 | D5: 0 | E5: 0
A6: 273924 | B6: goEgo Charge Park | C6: dctestprd02 | D6: 0 | E6: 0
A7: 273923 | B7: goEgo Charge Park | C7: dctestprd02 | D7: 0.45 | E7: 10.62
A8: 273915 | B8: goEgo Charge Park | C8: dctestprd02 | D8: 0.091 | E8: 2.15
A9: 273914 | B9: goEgo Charge Park | C9: dctestprd02 | D9: 0.04 | E9: 0.94
A10: 273891 | B10: goEgo Charge Park | C10: dctestprd02 | D10: 1.959 | E10: 46.23
A11: 273888 | B11: goEgo Charge Park | C11: dctestprd02 | D11: 4.27 | E11: 100.77
A12: 273881 | B12: goEgo Charge Park | C12: dctestprd02 | D12: 6.469 | E12: 152.67
A13: 273871 | B13: goEgo Charge Park | C13: prodtest01 | D13: 0.219 | E13: 5.17
... A1224: 158689 | B1224: goEgo Charge Park | C1224: goego-mhpu-aa-086 | D1224: 0 | E1224: 0
A1227: =SUMPRODUCT((A2:A1224<>"")/COUNTIF(A2:A1224,A2:A1224&"")) -> 1223 | B1227: =SUMPRODUCT((B2:B1224<>"")/COUNTIF(B2:B1224,B2:B1224&"")) -> 1 | C1227: =SUMPRODUCT((C2:C1224<>"")/COUNTIF(C2:C1224,C2:C1224&"")) -> 6 | D1227: =SUM(D2:D1224) -> 884.655 | E1227: =SUM(E2:E1224) -> 21003.01

Sheet Kalpataru Society 
A1: Transaction Id | B1: Organisation | C1: Charge Point | D1: Consumption(kWh) | E1: Amount (with taxes)
A2: 273521 | B2: Kalpataru Society | C2: goego-mhpu-aa-485 | D2: 0 | E2: 0
A3: 273525 | B3: Kalpataru Society | C3: goego-mhpu-aa-485 | D3: 0 | E3: 0
A4: 273526 | B4: Kalpataru Society | C4: goego-mhpu-aa-485 | D4: 0 | E4: 0
A5: 273524 | B5: Kalpataru Society | C5: goego-mhpu-aa-485 | D5: 0 | E5: 0
A6: 272497 | B6: Kalpataru Society | C6: goego-mhpu-aa-485 | D6: 7.62 | E6: 202.1
A7: 270074 | B7: Kalpataru Society | C7: goego-mhpu-aa-485 | D7: 9.52 | E7: 251.02
A8: 266437 | B8: Kalpataru Society | C8: goego-mhpu-aa-065 | D8: 0.115 | E8: 8.22
A9: 266434 | B9: Kalpataru Society | C9: goego-mhpu-aa-065 | D9: 0 | E9: 0
A10: 266280 | B10: Kalpataru Society | C10: goego-mhpu-aa-065 | D10: 0.012 | E10: 6.14
A11: 265893 | B11: Kalpataru Society | C11: goego-mhpu-aa-485 | D11: 15.525 | E11: 399.73
A12: 265891 | B12: Kalpataru Society | C12: goego-mhpu-aa-485 | D12: 0.208 | E12: 11.26
A13: 265570 | B13: Kalpataru Society | C13: goego-mhpu-aa-065 | D13: 0 | E13: 0
... A356: 150695 | B356: Kalpataru Society | C356: goego-mhpu-aa-065 | D356: 1.193 | E356: 29.58
A358: =SUMPRODUCT((A2:A356<>"")/COUNTIF(A2:A356,A2:A356&"")) -> 355 | B358: =SUMPRODUCT((B2:B356<>"")/COUNTIF(B2:B356,B2:B356&"")) -> 1 | C358: =SUMPRODUCT((C2:C356<>"")/COUNTIF(C2:C356,C2:C356&"")) -> 2 | D358: =SUM(D2:D356) -> 972.796 | E358: =SUM(E2:E356) -> 24980.94

Sheet Mrs. Madhuri Madanmohan Mule
A1: Transaction Id | B1: Organisation | C1: Charge Point | D1: Consumption(kWh) | E1: Amount (with taxes)
A2: 273929 | B2: Mrs. Madhuri Madanmohan Mule | C2: goego-mhko-aa-018 | D2: 21.3 | E2: 533.71
A3: 273885 | B3: Mrs. Madhuri Madanmohan Mule | C3: goego-mhko-aa-018 | D3: 0.34 | E3: 14.33
A4: 273884 | B4: Mrs. Madhuri Madanmohan Mule | C4: goego-mhko-aa-018 | D4: 0 | E4: 0
A5: 273769 | B5: Mrs. Madhuri Madanmohan Mule | C5: goego-mhko-aa-018 | D5: 0.76 | E5: 18.83
A6: 273768 | B6: Mrs. Madhuri Madanmohan Mule | C6: goego-mhko-aa-018 | D6: 0.69 | E6: 17.1
A7: 273767 | B7: Mrs. Madhuri Madanmohan Mule | C7: goego-mhko-aa-018 | D7: 0.73 | E7: 23.99
A8: 273628 | B8: Mrs. Madhuri Madanmohan Mule | C8: goego-mhko-aa-018 | D8: 6.62 | E8: 164.04
A9: 273622 | B9: Mrs. Madhuri Madanmohan Mule | C9: goego-mhko-aa-018 | D9: 4.03 | E9: 105.76
A10: 273544 | B10: Mrs. Madhuri Madanmohan Mule | C10: goego-mhko-aa-018 | D10: 28.82 | E10: 720.06
A11: 273503 | B11: Mrs. Madhuri Madanmohan Mule | C11: goego-mhko-aa-018 | D11: 55.83 | E11: 1383.47
A12: 273502 | B12: Mrs. Madhuri Madanmohan Mule | C12: goego-mhko-aa-018 | D12: 0 | E12: 0
A13: 273499 | B13: Mrs. Madhuri Madanmohan Mule | C13: goego-mhko-aa-018 | D13: 0.78 | E13: 25.23
... A1161: 150609 | B1161: Mrs. Madhuri Madanmohan Mule | C1161: goego-mhko-aa-018 | D1161: 44.68 | E1161: 1060.35
A1164: =SUMPRODUCT((A2:A1161<>"")/COUNTIF(A2:A1161,A2:A1161&"")) -> 1160 | B1164: =SUMPRODUCT((B2:B1161<>"")/COUNTIF(B2:B1161,B2:B1161&"")) -> 1 | C1164: =SUMPRODUCT((C2:C1161<>"")/COUNTIF(C2:C1161,C2:C1161&"")) -> 1 | D1164: =SUM(D2:D1161) -> 16243.56 | E1164: =SUM(E2:E1161) -> 400384.59

Sheet One BKC
A1: Transaction Id | B1: Organisation | C1: Charge Point | D1: Consumption(kWh) | E1: Amount (with taxes)
A2: 273932 | B2: One BKC | C2: goego-mhmu-aa-013 | D2: 22.02 | E2: 553.37
A3: 273880 | B3: One BKC | C3: goego-mhmu-aa-013 | D3: 39.44 | E3: 986.48
A4: 273876 | B4: One BKC | C4: goego-mhmu-aa-013 | D4: 0 | E4: 0
A5: 273874 | B5: One BKC | C5: goego-mhmu-aa-013 | D5: 0 | E5: 0
A6: 273872 | B6: One BKC | C6: goego-mhmu-aa-013 | D6: 0 | E6: 0
A7: 273647 | B7: One BKC | C7: goego-mhmu-aa-013 | D7: 16.81 | E7: 423.84
A8: 273352 | B8: One BKC | C8: goego-mhmu-aa-013 | D8: 19.32 | E8: 486.25
A9: 273336 | B9: One BKC | C9: goego-mhmu-aa-013 | D9: 0 | E9: 0
A10: 273334 | B10: One BKC | C10: goego-mhmu-aa-013 | D10: 0 | E10: 0
A11: 273333 | B11: One BKC | C11: goego-mhmu-aa-013 | D11: 0 | E11: 0
A12: 273202 | B12: One BKC | C12: goego-mhmu-aa-013 | D12: 48.21 | E12: 1204.53
A13: 273196 | B13: One BKC | C13: goego-mhmu-aa-013 | D13: 0 | E13: 0
... A449: 161124 | B449: One BKC | C449: goego-mhmu-aa-013 | D449: 22.11 | E449: 555.61
A450: 161143 | B450: One BKC | C450: goego-mhmu-aa-013
A451: 161142 | B451: One BKC | C451: goego-mhmu-aa-013 | D451: 0 | E451: 0
A452: 161122 | B452: One BKC | C452: goego-mhmu-aa-013 | D452: 0.33 | E452: 14.1
A453: 161119 | B453: One BKC | C453: goego-mhmu-aa-013 | D453: 0 | E453: 0
A454: 161120 | B454: One BKC | C454: goego-mhmu-aa-013 | D454: 0 | E454: 0
A455: 160951 | B455: One BKC | C455: goego-mhmu-aa-013 | D455: 12.72 | E455: 316.25
A456: 160935 | B456: One BKC | C456: goego-mhmu-aa-013 | D456: 20.4 | E456: 513.1
A457: 160722 | B457: One BKC | C457: goego-mhmu-aa-013 | D457: 8.37 | E457: 208.1
A458: 160708 | B458: One BKC | C458: goego-mhmu-aa-013 | D458: 36.67 | E458: 911.71
A459: 160022 | B459: One BKC | C459: goego-mhmu-aa-013 | D459: 0 | E459: 5.9
A460: 159828 | B460: One BKC | C460: goego-mhmu-aa-013 | D460: 42.66 | E460: 1060.64
A461: 159664 | B461: One BKC | C461: goego-mhmu-aa-013 | D461: 0 | E461: 0
A462: 159656 | B462: One BKC | C462: goego-mhmu-aa-013 | D462: 7.53 | E462: 193.12
... A488: 151241 | B488: One BKC | C488: goego-mhmu-aa-013 | D488: 8.4 | E488: 214.75
A491: =SUMPRODUCT((A2:A488<>"")/COUNTIF(A2:A488,A2:A488&"")) -> 487 | B491: =SUMPRODUCT((B2:B488<>"")/COUNTIF(B2:B488,B2:B488&"")) -> 1 | C491: =SUMPRODUCT((C2:C488<>"")/COUNTIF(C2:C488,C2:C488&"")) -> 1 | D491: =SUM(D2:D488) -> 5463.07 | E491: =SUM(E2:E488) -> 137171.33

Sheet G Corp Tech Park
A1: Transaction Id | B1: Organisation | C1: Charge Point | D1: Consumption(kWh) | E1: Amount (with taxes)
A2: 273835 | B2: G Corp Tech Park | C2: goego-mhmu-aa-800 | D2: 24.089 | E2: 574.4
A3: 273627 | B3: G Corp Tech Park | C3: goego-mhmu-aa-800 | D3: 8.788 | E3: 213.3
A4: 273574 | B4: G Corp Tech Park | C4: goego-mhmu-aa-800 | D4: 2.671 | E4: 68.94
A5: 273317 | B5: G Corp Tech Park | C5: goego-mhmu-aa-800 | D5: 33.35 | E5: 787.06
A6: 273315 | B6: G Corp Tech Park | C6: goego-mhmu-aa-800 | D6: 0.171 | E6: 9.94
A7: 273230 | B7: G Corp Tech Park | C7: goego-mhmu-aa-800 | D7: 0.127 | E7: 3
A8: 273228 | B8: G Corp Tech Park | C8: goego-mhmu-aa-800 | D8: 0.126 | E8: 8.87
A9: 273141 | B9: G Corp Tech Park | C9: goego-mhmu-aa-800 | D9: 23.656 | E9: 558.28
A10: 273138 | B10: G Corp Tech Park | C10: goego-mhmu-aa-800 | D10: 0.197 | E10: 10.55
A11: 271034 | B11: G Corp Tech Park | C11: goego-mhmu-aa-800 | D11: 35.961 | E11: 854.58
A12: 269307 | B12: G Corp Tech Park | C12: goego-mhmu-aa-800 | D12: 10.241 | E12: 247.59
A13: 269305 | B13: G Corp Tech Park | C13: goego-mhmu-aa-800 | D13: 0 | E13: 0
... A216: 151392 | B216: G Corp Tech Park | C216: goego-mhmu-aa-800 | D216: 25.217 | E216: 601.02
A219: =SUMPRODUCT((A2:A216<>"")/COUNTIF(A2:A216,A2:A216&"")) -> 215 | B219: =SUMPRODUCT((B2:B216<>"")/COUNTIF(B2:B216,B2:B216&"")) -> 1 | C219: =SUMPRODUCT((C2:C216<>"")/COUNTIF(C2:C216,C2:C216&"")) -> 1 | D219: =SUM(D2:D216) -> 3886.137 | E219: =SUM(E2:E216) -> 92721.78

Sheet Unnati Foundation
A1: Transaction Id | B1: Organisation | C1: Charge Point | D1: Consumption(kWh) | E1: Amount (with taxes)
A2: 272992 | B2: Unnati Foundation | C2: goego-mhpu-aa-255 | D2: 0.517 | E2: 16.88
A3: 272446 | B3: Unnati Foundation | C3: goego-mhpu-aa-255 | D3: 1.867 | E3: 45.56
A4: 272457 | B4: Unnati Foundation | C4: goego-mhpu-aa-255 | D4: 1.326 | E4: 34.06
A5: 272040 | B5: Unnati Foundation | C5: goego-mhpu-aa-255 | D5: 2.55 | E5: 60.06
A6: 264102 | B6: Unnati Foundation | C6: goego-mhpu-aa-255 | D6: 1.166 | E6: 30.67
A7: 263705 | B7: Unnati Foundation | C7: goego-mhpu-aa-255 | D7: 3.325 | E7: 76.52
A8: 263473 | B8: Unnati Foundation | C8: goego-mhpu-aa-255 | D8: 0.773 | E8: 22.32
A9: 263274 | B9: Unnati Foundation | C9: goego-mhpu-aa-255 | D9: 1.502 | E9: 37.8
A10: 262579 | B10: Unnati Foundation | C10: goego-mhpu-aa-255 | D10: 0.972 | E10: 26.55
A11: 262399 | B11: Unnati Foundation | C11: goego-mhpu-aa-255 | D11: 0.836 | E11: 23.66
A12: 262099 | B12: Unnati Foundation | C12: goego-mhpu-aa-255 | D12: 1.602 | E12: 39.93
A13: 261965 | B13: Unnati Foundation | C13: goego-mhpu-aa-255 | D13: 1.11 | E13: 29.48
... A559: 150739 | B559: Unnati Foundation | C559: goego-mhpu-aa-255 | D559: 3.018 | E559: 70
A562: =SUMPRODUCT((A2:A559<>"")/COUNTIF(A2:A559,A2:A559&"")) -> 558 | B562: =SUMPRODUCT((B2:B559<>"")/COUNTIF(B2:B559,B2:B559&"")) -> 1 | C562: =SUMPRODUCT((C2:C559<>"")/COUNTIF(C2:C559,C2:C559&"")) -> 2 | D562: =SUM(D2:D559) -> 1079.797 | E562: =SUM(E2:E559) -> 28693.28

Sheet Wakad Centre
A1: Transaction Id | B1: Organisation | C1: Charge Point | D1: Consumption(kWh) | E1: Amount (with taxes)
A2: 273044 | B2: Wakad Centre | C2: goego-mhpu-aa-137 | D2: 0.916 | E2: 27.52
A3: 266387 | B3: Wakad Centre | C3: goego-mhpu-aa-137 | D3: 1.027 | E3: 30.14
A4: 238623 | B4: Wakad Centre | C4: goego-mhpu-aa-137 | D4: 0 | E4: 0
A5: 238622 | B5: Wakad Centre | C5: goego-mhpu-aa-137 | D5: 0 | E5: 0
A6: 238620 | B6: Wakad Centre | C6: goego-mhpu-aa-137 | D6: 0 | E6: 0
A7: 238618 | B7: Wakad Centre | C7: goego-mhpu-aa-137 | D7: 0 | E7: 0
A8: 238053 | B8: Wakad Centre | C8: goego-mhpu-aa-137 | D8: 0.6 | E8: 20.06
A9: 198375 | B9: Wakad Centre | C9: goego-mhpu-aa-137 | D9: 2.233 | E9: 58.6
A11: =SUMPRODUCT((A2:A9<>"")/COUNTIF(A2:A9,A2:A9&"")) -> 8 | B11: =SUMPRODUCT((B2:B9<>"")/COUNTIF(B2:B9,B2:B9&"")) -> 1 | C11: =SUMPRODUCT((C2:C9<>"")/COUNTIF(C2:C9,C2:C9&"")) -> 1 | D11: =SUM(D2:D9) -> 4.776 | E11: =SUM(E2:E9) -> 136.32

Sheet EM-Prozone
A1: Transaction Id | B1: Organisation | C1: Charge Point | D1: Consumption(kWh) | E1: Amount (with taxes)
A2: 273996 | B2: EM-Prozone | C2: goego-mhau-aa-810 | D2: 0 | E2: 0
A3: 273982 | B3: EM-Prozone | C3: goego-mhau-aa-810 | D3: 0 | E3: 0
A4: 273980 | B4: EM-Prozone | C4: goego-mhau-aa-810 | D4: 0 | E4: 0
A5: 273979 | B5: EM-Prozone | C5: goego-mhau-aa-810 | D5: 0 | E5: 0
A6: 273951 | B6: EM-Prozone | C6: goego-mhau-aa-810 | D6: 54.07 | E6: 1154.35
A7: 273878 | B7: EM-Prozone | C7: goego-mhau-aa-810 | D7: 0 | E7: 0
A8: 273877 | B8: EM-Prozone | C8: goego-mhau-aa-810 | D8: 0 | E8: 0
A9: 273875 | B9: EM-Prozone | C9: goego-mhau-aa-810 | D9: 0 | E9: 0
A10: 273725 | B10: EM-Prozone | C10: goego-mhau-aa-810 | D10: 42.18 | E10: 901.8
A11: 273692 | B11: EM-Prozone | C11: goego-mhau-aa-810 | D11: 42.4 | E11: 906.48
A12: 273716 | B12: EM-Prozone | C12: goego-mhau-aa-810 | D12: 0 | E12: 0
A13: 273715 | B13: EM-Prozone | C13: goego-mhau-aa-810 | D13: 0 | E13: 0
... A2155: 150621 | B2155: EM-Prozone | C2155: goego-mhau-aa-810 | D2155: 9.37 | E2155: 204.92
A2158: =SUMPRODUCT((A2:A2155<>"")/COUNTIF(A2:A2155,A2:A2155&"")) -> 2154 | B2158: =SUMPRODUCT((B2:B2155<>"")/COUNTIF(B2:B2155,B2:B2155&"")) -> 1 | C2158: =SUMPRODUCT((C2:C2155<>"")/COUNTIF(C2:C2155,C2:C2155&"")) -> 4 | D2158: =SUM(D2:D2155) -> 8759.545 | E2158: =SUM(E2:E2155) -> 189824.38

Sheet Total
A1: Yearly data for ONLINE OPEX`s
A2: Name of Organization | B2: No. of Transaction | C2: No. of Organisation | D2: No. of Charge Point | E2: Total Consumption(kWh) | F2: Total Amount (with taxes)
A3: goEgo Charge Park | B3: ='goEgo Charge Park'!A1227 -> 1223 | C3: ='goEgo Charge Park'!B1227 -> 1 | D3: ='goEgo Charge Park'!C1227 -> 6 | E3: ='goEgo Charge Park'!D1227 -> 884.655 | F3: ='goEgo Charge Park'!E1227 -> 21003.01
A4: Kalpataru Society | B4: ='Kalpataru Society '!A358 -> 355 | C4: ='Kalpataru Society '!B358 -> 1 | D4: ='Kalpataru Society '!C358 -> 2 | E4: ='Kalpataru Society '!D358 -> 972.796 | F4: ='Kalpataru Society '!E358 -> 24980.94
A5: Mrs. Madhuri Madanmohan Mule | B5: ='Mrs. Madhuri Madanmohan Mule'!A1164 -> 1160 | C5: ='Mrs. Madhuri Madanmohan Mule'!B1164 -> 1 | D5: ='Mrs. Madhuri Madanmohan Mule'!C1164 -> 1 | E5: ='Mrs. Madhuri Madanmohan Mule'!D1164 -> 16243.56 | F5: ='Mrs. Madhuri Madanmohan Mule'!E1164 -> 400384.59
A6: One BKC | B6: ='One BKC'!A491 -> 487 | C6: ='One BKC'!B491 -> 1 | D6: ='One BKC'!C491 -> 1 | E6: ='One BKC'!D491 -> 5463.07 | F6: ='One BKC'!E491 -> 137171.33
A7: G Corp Tech Park | B7: ='G Corp Tech Park'!A219 -> 215 | C7: ='G Corp Tech Park'!B219 -> 1 | D7: ='G Corp Tech Park'!C219 -> 1 | E7: ='G Corp Tech Park'!D219 -> 3886.137 | F7: ='G Corp Tech Park'!E219 -> 92721.78
A8: Unnati Foundation | B8: ='Unnati Foundation'!A562 -> 558 | C8: ='Unnati Foundation'!B562 -> 1 | D8: ='Unnati Foundation'!C562 -> 2 | E8: ='Unnati Foundation'!D562 -> 1079.797 | F8: ='Unnati Foundation'!E562 -> 28693.28
A9: Wakad Centre | B9: ='Wakad Centre'!A11 -> 8 | C9: ='Wakad Centre'!B11 -> 1 | D9: ='Wakad Centre'!C11 -> 1 | E9: ='Wakad Centre'!D11 -> 4.776 | F9: ='Wakad Centre'!E11 -> 136.32
A10: EM-Prozone | B10: ='EM-Prozone'!A2158 -> 2154 | C10: ='EM-Prozone'!B2158 -> 1 | D10: ='EM-Prozone'!C2158 -> 4 | E10: ='EM-Prozone'!D2158 -> 8759.545 | F10: ='EM-Prozone'!E2158 -> 189824.38
A11: Mayfair Apartments | B11: ='Mayfair Apartments'!A139 -> 135 | C11: ='Mayfair Apartments'!B139 -> 1 | D11: ='Mayfair Apartments'!C139 -> 1 | E11: ='Mayfair Apartments'!D139 -> 322.444 | F11: ='Mayfair Apartments'!E139 -> 6093.81
B13: Total | E13: =SUM(E3:E11) -> 37616.78 | F13: =SUM(F3:F11) -> 901009.44

Sheet Mayfair Apartments
A1: Transaction Id | B1: Organisation | C1: Charge Point | D1: Consumption(kWh) | E1: Amount (with taxes)
A2: 273098 | B2: Mayfair Apartments | C2: goego-gjah-aa-035 | D2: 2.464 | E2: 46.61
A3: 273075 | B3: Mayfair Apartments | C3: goego-gjah-aa-035 | D3: 3.385 | E3: 61.82
A4: 266104 | B4: Mayfair Apartments | C4: goego-gjah-aa-035 | D4: 2.458 | E4: 46.51
A5: 265950 | B5: Mayfair Apartments | C5: goego-gjah-aa-035 | D5: 3.106 | E5: 57.21
A6: 263130 | B6: Mayfair Apartments | C6: goego-gjah-aa-035 | D6: 1.55 | E6: 31.51
A7: 261741 | B7: Mayfair Apartments | C7: goego-gjah-aa-035 | D7: 3.042 | E7: 50.25
A8: 261715 | B8: Mayfair Apartments | C8: goego-gjah-aa-035 | D8: 0.214 | E8: 9.44
A9: 257553 | B9: Mayfair Apartments | C9: goego-gjah-aa-035 | D9: 2.927 | E9: 54.25
A10: 256490 | B10: Mayfair Apartments | C10: goego-gjah-aa-035 | D10: 2.211 | E10: 42.43
A11: 255894 | B11: Mayfair Apartments | C11: goego-gjah-aa-035 | D11: 1.321 | E11: 27.72
A12: 253501 | B12: Mayfair Apartments | C12: goego-gjah-aa-035 | D12: 1.886 | E12: 37.06
A13: 250375 | B13: Mayfair Apartments | C13: goego-gjah-aa-035 | D13: 2.998 | E13: 55.43
... A136: 151606 | B136: Mayfair Apartments | C136: goego-gjah-aa-035 | D136: 3.099 | E136: 57.1
A139: =SUMPRODUCT((A2:A136<>"")/COUNTIF(A2:A136,A2:A136&"")) -> 135 | B139: =SUMPRODUCT((B2:B136<>"")/COUNTIF(B2:B136,B2:B136&"")) -> 1 | C139: =SUMPRODUCT((C2:C136<>"")/COUNTIF(C2:C136,C2:C136&"")) -> 1 | D139: =SUM(D2:D136) -> 322.444 | E139: =SUM(E2:E136) -> 6093.81
